2;ACOSTA, THOMAS EZEQUIEL;Agus B.
3;ALANIZ, MELANIE AYLEN;Berni
4;ALMENDRAS FLORES, DIANA EVELYN;Berni
5;ALVAREZ, LUCAS NICOLÁS GABRIEL;Agus B.
6;ALVIS, ARIANNA;Tute
7;AMADO KOHLI, MATEO;Berni
8;ARPIA, ALBERTINA;Berni
9;BAXENDALE, JULIAN;Solci
10;BECKER, FACUNDO;Solci
11;BENDER, LEILA NARA;Bauti
12;BÖCK DOUGLAS, JOAQUIN;Danny
13;BONILLA, VALERIA ALEJANDRA;Bauti
14;BORDON, SEBASTIAN;Berni
16;BRIZUELA, JUAN ISAIAS;Mar
17;BRUNY, MATIAS NAHUEL;Juampi
18;CANAHUATI MARTELL, OSCAR SALVADOR;Danny
20;CARRATTINI, RAMIRO;Berni
21;CARREÑO, TAIEL DÉMIAN;Yoel
22;CAVIERES MAZZUCA, IGNACIO JULIÁN;Enzo
23;CERIANI, MATÍAS;Solci
24;CHAPUR, FELIPE;Agus F.
26;CHAVEZ, DORA DAIANA;Ani
27;CHILLCCE, ALEJANDRO;Tomy
28;CHIRINO, TOMAS;Bauti
29;CORTIZAS, MATIAS;Bauti
30;COT, FACUNDO;Danny
31;DESIMONE, LUCIANO;Danny
32;DIAZ, FACUNDO;Berni
33;DICIANO, DIEGO MARTÍN  ;Mar
34;DIONESALVI, JUAN FRANCISCO;Juampi
35;DOS SANTOS, JUAN PABLO;Tomy
36;DUARTE VERA, LAUTARO JESÚS;Pipe
37;FALCON, AILIN SOFIA;Ani
38;FERREIROS, NICOLÁS;Juampi
39;FLORES, JHONN;Agus F.
40;FLORY, MATÍAS;Bauti
41;FORMENTO, JUAN PABLO;Tute
42;FORONDA, NAZARENO;May
43;FRAGA, LAUTARO ARIEL;Juampi
44;GALANTE, MARCO;Bauti
45;GAONA MORENCIO, ELIAS IVAN;Juampi
46;GARABITO, LUCAS;Danny
47;GARBARINO, LISANDRO;Tute
49;GIACOPELLO, MARCO;Agus F.
50;GIANNASCA, CAROLINA ABRIL;Martu
51;GIOIA, AGUSTIN NICOLAS;Enzo
52;GOMES, MANUEL;Gilbert
53;GÓMEZ MARTINENA, TOMÁS;Tute
54;GONZALEZ, ALEJO;Martu
55;GORDILLO, LUNA;Enzo
56;GORGE, VIRGINIA;Tute
57;HOFFER, ALEXIA ;Martu
58;HUARTE, IGNACIO LUCA;Danny
59;IRIBARREN, VICTORIA NADINE;Tute
60;KRONLUND, NICOLÁS JORGE;Tute
61;LARA, DAIANA KATHERINE;Pipe
62;LINGORDO, MANUEL;Tomy
63;LOPEZ, RUTH;Solci
64;LOZANTOS, CARLA;May
65;LYNCH, AGUSTIN IGNACIO;Agus B.
66;MACHUCA, SOFÍA BELÉN;Gilbert
67;MANTEROLA, MANUEL;Martu
68;MARTINEZ ALMADA, MANUEL;Pipe
69;MARTINEZ, MARCELA;Agus F.
70;MATAS EUGÁS, DANEL;Mar
72;MIRENZI, VALERIA ALEJANDRA;Martu
73;MOLINA, FEDERICO GERMÁN;Agus B.
74;MOMPO MOLINARI, MIRANDA;Gilbert
75;MONTES, BRISA MICAELA;Agus F.
76;MOYANO, LUCCA;Bauti
77;OBREGON, JOSÉ LISANDRO;Martu
78;ORDOÑEZ, ESTEBAN CALEB;Agus F.
79;ORTEGA, JOAQUIN EZEQUIEL;Mar
80;OSHIRO, NADINA EIMI;Agus F.
82;PADILLA, ANA GISEL;Berni
83;PADRON, MATIAS;Pipe
84;PAIZ, BELEN BERNARDETTE;Bauti
86;PALLASCO CALO, GHERLIN EMERSON;Yoel
88;PANNUNZIO, EMMA;Yoel
91;PAUTASSO, MANUEL;Gilbert
95;PEREZ, FACUNDO EZEQUIEL;Agus B.
96;PIERCE, LUCIA;Yoel
97;PINTO LOPEZ, LUIS FACUNDO;Yoel
98;PIRIS, ANGELES AGUSTINA;Tute
100;QUINTANA, DENIS EDUARDO;Juampi
101;RABANAL SILVA, RICARDO MANUEL;Solci
102;RAFFO, FACUNDO;Danny
103;RAMÍREZ VILLANUEVA, LETICIA LUCERO;Solci
104;RAMOS BELLIARD, MATHIAS NICOLAS;Tomy
106;RAMOS PANTA, SERGIO MANUEL;Ani
107;RANIELI, LUCA EZEQUIEL;Agus B.
110;REY LABRADOR, JUAN CRUZ;Danny
112;RODRIGUEZ, JUAN MANUEL;Gilbert
113;ROJAS BRAVO, DIEGO ANGEL;Ani
114;ROMANO RUSSELL, PAULA MARTINA;Yoel
115;ROMERO MASCARÓ, LUCIO;Tomy
116;ROMERO, LUCAS;Tomy
117;ROSAS, FRANZ;May
118;RUIZ VALLES, HUMBERTO MIGUEL ANGEL;Solci
119;SALGADO, FEDERICO;Bauti
121;SANCHEZ CHINCHAY, ARTURO FRANCISCO;Danny
122;SANCHEZ VELASCO, AMADOR;Agus F.
123;SANCHEZ, LUCA DEMIAN;Yoel
124;SANDOVAL HERNÁNDEZ, ELEAZAR JOSÉ;Ani
126;SCHENFELT RUIZ, AGUSTIN;Solci
128;SENILLOSA, SEBASTIÁN;Agus B.
130;SOLÍS, JUAN FRANCISCO;Enzo
131;SOSA, DANIELA CAROLINA;Martu
132;SOSA, MATIAS;Juampi
134;SPALLANZANI, JOAQUIN;Berni
135;STEPANCZAK, ETHAN;Pipe
137;TAPIA SOTO, AVRIL;Juampi
138;TEJEDA CARRASCO, ANGIE RUBI;Tomy
139;TEJERINA PEÑA, FACUNDO EZEQUIEL;Yoel
140;TERCEROS CAYO, WILSON LEONEL;Solci
142;TINEO ZAMORA, LAUTARO;May
143;TORRES, MARCOS ANDRES;Tomy
144;TORRICO, MARTÍN ALEJANDRO;Mar
145;TORRICO, MATÍAS LEONARDO;Agus B.
146;TORROBA, MARIANO;Martu
147;TRANGONI, EXEQUIEL ALEJANDRO;Juampi
148;TUNDIS COCCA, CHIARA AGUSTINA;Enzo
154;VERA, NICOLÁS ADRIAN;Agus F.
155;VICENTE PAREDEZ, JOSE CARLOS;May
156;WEIMANN, JONÁS DAMIAN;Yoel
157;YAQUE, MICAELA MARIANA;Tute
158;ZAMBRANO MOLINA, DANIEL;Tomy
